blog_url,broken_link,status_code,status
https://networkdepot.us/blogs/cipa-compliance-grants-tech-discounts,https://www.fcc.gov/consumers/guides/childrens-internet-protection-act,ERROR,ERROR/REDIRECT
https://networkdepot.us/blogs/tech-in-2013-what-13-things-to-look-forward-to-this-year,http://wireless-charger-review.toptenreviews.com/,ERROR,ERROR/REDIRECT
https://networkdepot.us/blogs/tech-of-2013,http://www.medgadget.com,ERROR,ERROR/REDIRECT
https://networkdepot.us/blogs/cold-can-impact-your-tech,https://www.washingtonpost.com/news/capital-weather-gang/wp/2014/01/06/coldest-air-in-years-set-to-grip-the-nations-capital-protect-yourself-your-pets-and-your-home/,ERROR,ERROR/REDIRECT
https://networkdepot.us/blogs/internet-doomsday-how-to-protect-yourself-from-the-dnschanger-trojan,http://www.dns-ok.us/,ERROR,ERROR/REDIRECT
https://networkdepot.us/blogs/five-important-nonprofit-technology-trends-in-2025,https://business.adobe.com/blog/basics/marketing-personalization,ERROR,ERROR/REDIRECT
https://networkdepot.us/blogs/looks-like-blackberry-is-in-a-jam,http://money.cnn.com/2013/11/04/technology/blackberry-fairfax/index.html,502,ERROR/REDIRECT
https://networkdepot.us/blogs/now-is-the-time-to-learn-about-phone-cyber-scams,http://www.microsoft.com/security/online-privacy/avoid-phone-scams.aspx,ERROR,ERROR/REDIRECT
https://networkdepot.us/blogs/interesting-positive-and-negative-nonprofit-statistics-in-2025,https://www.mckinsey.com/featured-insights/mckinsey-explainers/what-is-generative-ai,ERROR,ERROR/REDIRECT
https://networkdepot.us/blogs/network-depot-to-lead-webinar-on-cybersecurity-for-nonprofits,https://us02web.zoom.us/meeting/register/tZ0tc-qurDkvEtPughW5OL0r0vzqdE6poLrq#/registration,404,BROKEN
https://networkdepot.us/blogs/new-cybersecurity-certification-required-for-companies-working-with-the-department-of-defense,https://www.cmmcab.org/,ERROR,ERROR/REDIRECT
https://networkdepot.us/blogs/new-cybersecurity-certification-required-for-companies-working-with-the-department-of-defense,https://www.acq.osd.mil/cmmc/,ERROR,ERROR/REDIRECT
https://networkdepot.us/blogs/network-depot-achieves-sonicwall-platinum-partner-status,https://networkdepot.com/wp-content/uploads/2024/05/2024-Platinum-1.pdf,404,BROKEN
https://networkdepot.us/blogs/april-fools-it-pranks-to-mess-with-your-co-workers,http://www.dudelol.com/img/voice-activated-printer-good-april-fools-prank-to-use.png,404,BROKEN
https://networkdepot.us/blogs/network-depot-cnsg-holiday-party,https://www.cnsg.com/,ERROR,ERROR/REDIRECT
https://networkdepot.us/blogs/watch-out-for-the-latest-covid-19-scams,https://cybercrimesupport.org/covid-19-scam-alerts/,ERROR,ERROR/REDIRECT
https://networkdepot.us/blogs/watch-out-for-the-latest-covid-19-scams,https://www.fcc.gov/covid-scams,ERROR,ERROR/REDIRECT
https://networkdepot.us/blogs/five-powerful-ai-tools-from-microsoft-for-small-businesses,https://www.copilot.com/,ERROR,ERROR/REDIRECT
https://networkdepot.us/blogs/how-do-i-get-to-the-cloud-the-top-file-storage-and-sharing-programs,https://onedrive.live.com/about/en-us/,404,BROKEN
https://networkdepot.us/blogs/4-ways-technology-has-changed-the-olympics,http://www.nydailynews.com/sports/olympics-2012/peacock-playing-silly-games-article-1.1125329,404,BROKEN
https://networkdepot.us/blogs/how-network-depots-partnership-with-blackpoint-cyber-brings-elite-cybersecurity-to-your-business,https://blackpointcyber.com/resources/blog/2024-soc-year-in-review/,ERROR,ERROR/REDIRECT
https://networkdepot.us/blogs/how-network-depots-partnership-with-blackpoint-cyber-brings-elite-cybersecurity-to-your-business,https://blackpointcyber.com/?utm_campaign=2024_paid-search_brand&utm_source=ppc&utm_medium=googleads&utm_content=strikefirst&gad_source=1,ERROR,ERROR/REDIRECT
https://networkdepot.us/blogs/interesting-remote-work-trends-and-statistics,https://www.growmotely.com/,ERROR,ERROR/REDIRECT
https://networkdepot.us/blogs/network-depot-clients-participating-in-do-more-24-fundraising-effort-on-may-17-2023,https://domore24.org,ERROR,ERROR/REDIRECT
https://networkdepot.us/blogs/guest-wi-fi,http://www.wi-fi.org/discover-wi-fi/security,ERROR,ERROR/REDIRECT
https://networkdepot.us/blogs/how-ai-and-iot-are-impacting-business-communications,https://ihsmarkit.com/industry/telecommunications.html,ERROR,ERROR/REDIRECT
https://networkdepot.us/blogs/how-ai-and-iot-are-impacting-business-communications,https://www.ttec.com/customer-strategist/resources/blog/future-contact-centers-ai-and-iot-fueled-services,404,BROKEN
https://networkdepot.us/blogs/tech-tools-and-toys-for-new-parents,http://www.more4kids.info/549/best-parenting-websites/,500,ERROR/REDIRECT
https://networkdepot.us/blogs/eight-ways-your-small-business-can-help-protect-itself-against-the-coronavirus,https://www.cdc.gov/coronavirus/2019-ncov/downloads/workplace-school-and-home-guidance.pdf,404,BROKEN
https://networkdepot.us/blogs/eight-ways-your-small-business-can-help-protect-itself-against-the-coronavirus,https://www.nih.gov/health-information/coronavirus,404,BROKEN
https://networkdepot.us/blogs/check-out-our-new-events-page,http://cancercanrock.org/cancer-can-rock-benefit-concert-tuesday-nov-12th-at-iota/,404,BROKEN
https://networkdepot.us/blogs/the-importance-of-on-line-security-in-the-workplace,http://www.On-LineSecurity.org,ERROR,ERROR/REDIRECT
https://networkdepot.us/blogs/law-firm-it-support-company,http://www.mylexrex.com/,ERROR,ERROR/REDIRECT
https://networkdepot.us/blogs/law-firm-it-support-company,http://www.esilaw.com/,520,ERROR/REDIRECT
https://networkdepot.us/blogs/law-firm-it-support-company,http://www.lexisnexis.com/business-of-law/products/practice-management/pclaw,404,BROKEN
https://networkdepot.us/blogs/how-to-protect-your-organization-against-the-increased-threat-of-ransomware,https://online.norwich.edu/academic-programs/resources/who-are-cyber-criminals,404,BROKEN
https://networkdepot.us/blogs/important-compliance-requirements-for-your-small-business,https://www.cdc.gov/phlp/publications/topic/hipaa.html,404,BROKEN
https://networkdepot.us/blogs/give-thanks-for-these-positive-cybersecurity-statistics-and-trends,https://www.ncsc.gov.uk/collection/zero-trust-architecture,404,BROKEN
https://networkdepot.us/blogs/new-fasb-standards-for-not-for-profits,http://www.aicpa.org/interestareas/notforprofit/Pages/NFP.aspx,404,BROKEN
